Row Names,instance_auroc,full_pixel_auroc,anomaly_pixel_auroc
mvtec_transistor,1.0,0.9691997431879745,0.9337759881135786
Mean,1.0,0.9691997431879745,0.9337759881135786
